job_role,skills
Data Analyst,"Python, SQL, Excel, Power BI, Statistics, Pandas, Data Analytics, Tableau"
Data Analyst,"SQL, Excel, Power BI, Communication, Data Analytics, Tableau"
Data Analyst,"Python, SQL, Excel, Pandas, Statistics, Data Analytics"
Data Analyst,"Excel, Power BI, SQL, Statistics, Data Analytics, Tableau"
Data Analyst,"Python, SQL, Power BI, Statistics, Pandas, Data Analytics"
Data Analyst,"SQL, Excel, Power BI, Tableau, Communication, Data Analytics"
Data Analyst,"Python, SQL, Excel, Statistics, Pandas, Power BI"
Data Scientist,"Python, Machine Learning, Statistics, Pandas, NumPy, SQL, Scikit-learn, Data Analytics"
Data Scientist,"Python, Machine Learning, Statistics, Deep Learning, Pandas, NumPy, SQL"
Data Scientist,"Python, Machine Learning, Statistics, Scikit-learn, SQL, Pandas, NumPy"
Data Scientist,"Python, Machine Learning, Deep Learning, Statistics, NumPy, Pandas, TensorFlow"
Data Scientist,"Python, Statistics, Machine Learning, Pandas, NumPy, SQL, Tableau"
Data Scientist,"Python, Machine Learning, Statistics, Pandas, NumPy, Scikit-learn, PyTorch"
Data Scientist,"Python, Machine Learning, Statistics, SQL, Pandas, NumPy, Scikit-learn"
ML Engineer,"Python, Machine Learning, TensorFlow, PyTorch, Deep Learning, Scikit-learn, Git, Docker"
ML Engineer,"Python, Machine Learning, TensorFlow, Deep Learning, Git, Docker, Linux"
ML Engineer,"Python, Machine Learning, PyTorch, Deep Learning, Scikit-learn, Computer Vision, Git"
ML Engineer,"Python, Machine Learning, Deep Learning, TensorFlow, PyTorch, Linux, Docker"
ML Engineer,"Python, Machine Learning, PyTorch, Scikit-learn, Deep Learning, Git, Docker"
ML Engineer,"Python, Machine Learning, TensorFlow, Deep Learning, Docker, Linux, Git"
ML Engineer,"Python, Machine Learning, PyTorch, TensorFlow, Deep Learning, Git, Docker"
Software Developer,"Java, C++, Python, SQL, Git, Data Structures, Linux, Problem Solving"
Software Developer,"Java, SQL, Git, Data Structures, Problem Solving, JavaScript"
Software Developer,"C++, Python, SQL, Git, Data Structures, Problem Solving, Linux"
Software Developer,"Java, C++, SQL, Git, Data Structures, HTML/CSS, JavaScript"
Software Developer,"Python, Java, SQL, Git, Data Structures, Problem Solving"
Software Developer,"Java, C++, Git, Data Structures, SQL, Problem Solving"
Software Developer,"Python, C++, SQL, Git, Data Structures, Linux, Problem Solving"
Business Analyst,"Excel, SQL, Power BI, Statistics, Communication, Data Analytics, Tableau"
Business Analyst,"Excel, Power BI, Communication, Data Analytics, Tableau, Problem Solving"
Business Analyst,"Excel, SQL, Communication, Power BI, Statistics, Data Analytics"
Business Analyst,"Excel, Power BI, SQL, Communication, Data Analytics, Problem Solving"
Business Analyst,"Excel, SQL, Statistics, Power BI, Communication, Data Analytics"
Business Analyst,"Excel, Power BI, Communication, Data Analytics, Tableau, SQL"
Business Analyst,"Excel, SQL, Power BI, Communication, Data Analytics, Statistics"
AI Engineer,"Python, Machine Learning, Deep Learning, NLP, TensorFlow, PyTorch, Computer Vision"
AI Engineer,"Python, Deep Learning, NLP, PyTorch, Machine Learning, TensorFlow"
AI Engineer,"Python, Machine Learning, Deep Learning, Computer Vision, PyTorch, OpenCV"
AI Engineer,"Python, NLP, Deep Learning, TensorFlow, PyTorch, Machine Learning"
AI Engineer,"Python, Machine Learning, Deep Learning, NLP, Computer Vision, TensorFlow"
AI Engineer,"Python, Deep Learning, Machine Learning, PyTorch, NLP, Computer Vision"
AI Engineer,"Python, Machine Learning, Deep Learning, TensorFlow, PyTorch, NLP"
Backend Developer,"Python, Java, SQL, FastAPI, Flask, Docker, Git, Linux, PostgreSQL"
Backend Developer,"Java, SQL, Docker, Git, Node.js, Linux, Data Structures"
Backend Developer,"Python, SQL, FastAPI, Flask, Docker, Git, Linux"
Backend Developer,"Java, SQL, Node.js, Docker, Git, Linux, PostgreSQL"
Backend Developer,"Python, Java, SQL, Docker, Git, Linux, Flask"
Backend Developer,"Python, SQL, FastAPI, Docker, Git, Linux, Data Structures"
Backend Developer,"Java, SQL, Node.js, Docker, Git, Linux, PostgreSQL"
Frontend Developer,"HTML/CSS, JavaScript, React, Git, Communication, Problem Solving"
Frontend Developer,"HTML/CSS, JavaScript, React, Node.js, Git, Communication"
Frontend Developer,"HTML/CSS, JavaScript, React, Git, Problem Solving"
Frontend Developer,"HTML/CSS, JavaScript, React, Node.js, Git"
Frontend Developer,"HTML/CSS, JavaScript, React, Git, Communication"
Frontend Developer,"HTML/CSS, JavaScript, React, Node.js, Git, Problem Solving"
Frontend Developer,"HTML/CSS, JavaScript, React, Git, Communication"
Cloud Engineer,"Cloud Computing, AWS, Azure, Linux, Docker, Kubernetes, Git"
Cloud Engineer,"Cloud Computing, AWS, Linux, Docker, Kubernetes, Git, Python"
Cloud Engineer,"Cloud Computing, Azure, Linux, Docker, Kubernetes, Git"
Cloud Engineer,"Cloud Computing, AWS, Azure, Docker, Kubernetes, Linux, Git"
Cloud Engineer,"Cloud Computing, AWS, Linux, Docker, Kubernetes, Git, Python"
Cloud Engineer,"Cloud Computing, Azure, Linux, Docker, Kubernetes, Git"
Cloud Engineer,"Cloud Computing, AWS, Azure, Linux, Docker, Kubernetes, Git"
DevOps Engineer,"Docker, Kubernetes, Linux, Git, Cloud Computing, AWS, Python"
DevOps Engineer,"Docker, Kubernetes, Linux, Git, AWS, Python, Azure"
DevOps Engineer,"Docker, Kubernetes, Linux, Git, Cloud Computing, Python"
DevOps Engineer,"Docker, Kubernetes, Linux, Git, AWS, Cloud Computing, Python"
DevOps Engineer,"Docker, Kubernetes, Linux, Git, Azure, Python, Cloud Computing"
DevOps Engineer,"Docker, Kubernetes, Linux, Git, AWS, Linux, Python"
DevOps Engineer,"Docker, Kubernetes, Linux, Git, Cloud Computing, AWS, Python"
Cybersecurity Analyst,"Cybersecurity, Linux, Python, Network Security, Git, Problem Solving"
Cybersecurity Analyst,"Cybersecurity, Linux, Network Security, Communication, Problem Solving"
Cybersecurity Analyst,"Cybersecurity, Linux, Python, Network Security, Git"
Cybersecurity Analyst,"Cybersecurity, Linux, Network Security, Problem Solving"
Cybersecurity Analyst,"Cybersecurity, Linux, Python, Network Security, Communication"
Cybersecurity Analyst,"Cybersecurity, Linux, Network Security, Git, Problem Solving"
Cybersecurity Analyst,"Cybersecurity, Linux, Python, Network Security, Problem Solving"
Database Administrator,"SQL, Database, Linux, PostgreSQL, Docker, Git, Problem Solving"
Database Administrator,"SQL, Database, Linux, PostgreSQL, Database Administration"
Database Administrator,"SQL, Database, Linux, PostgreSQL, Docker, Git"
Database Administrator,"SQL, Database, Linux, Database Administration, Problem Solving"
Database Administrator,"SQL, Database, Linux, PostgreSQL, Git"
Database Administrator,"SQL, Database, Linux, PostgreSQL, Docker"
Database Administrator,"SQL, Database, Linux, Database Administration, PostgreSQL"
BI Analyst,"Power BI, Tableau, SQL, Excel, Data Analytics, Communication, Business Intelligence"
BI Analyst,"Power BI, SQL, Excel, Data Analytics, Business Intelligence, Tableau"
BI Analyst,"Tableau, Power BI, SQL, Excel, Business Intelligence, Data Analytics"
BI Analyst,"Power BI, SQL, Excel, Data Analytics, Business Intelligence, Communication"
BI Analyst,"Power BI, Tableau, SQL, Excel, Business Intelligence, Communication"
BI Analyst,"Power BI, SQL, Excel, Data Analytics, Business Intelligence, Tableau"
BI Analyst,"Power BI, Tableau, SQL, Excel, Data Analytics, Business Intelligence"
NLP Engineer,"Python, NLP, Machine Learning, Deep Learning, PyTorch, TensorFlow, Scikit-learn"
NLP Engineer,"Python, NLP, Deep Learning, PyTorch, Machine Learning, TensorFlow"
NLP Engineer,"Python, NLP, Machine Learning, PyTorch, Scikit-learn, Deep Learning"
NLP Engineer,"Python, NLP, Deep Learning, TensorFlow, Machine Learning, PyTorch"
NLP Engineer,"Python, NLP, Machine Learning, Deep Learning, PyTorch, TensorFlow"
NLP Engineer,"Python, NLP, Deep Learning, PyTorch, Machine Learning, Scikit-learn"
NLP Engineer,"Python, NLP, Machine Learning, Deep Learning, TensorFlow, PyTorch"